Mutation,Predicted_DDG,True_DDG
172L_A_mutant_C3I.pdb,0.1002117,-0.4
149L_A_mutant_L3I.pdb,-0.6969702,0.85
1BAN_A_mutant_A91S.pdb,-1.591054,-1.38
1BAO_A_mutant_F78Y.pdb,-1.2581697,-1.4
1BNI_A_mutant_F7L.pdb,4.471027,4.6
1BNI_A_mutant_I76V.pdb,0.8824387,0.8
1BNI_A_mutant_I88V.pdb,1.5677077,1.47
1BNI_A_mutant_I96A.pdb,2.683792,3.33
1BNI_A_mutant_L89V.pdb,0.056630753,0.3
150L_A_mutant_I6M.pdb,-2.1817656,-1.38
1BNI_A_mutant_T26A.pdb,1.789638,2.11
1BNI_A_mutant_Y78F.pdb,1.1594328,1.4
1BPI_A_mutant_F22A.pdb,0.7901583,1.2
1BPI_A_mutant_F45A.pdb,4.4171333,6.9
1BPI_A_mutant_Y35G.pdb,4.5760593,5.0
1BNI_A_mutant_S91A.pdb,1.7357479,1.38
1BNS_A_mutant_A26T.pdb,-1.6378982,-2.11
1BRG_A_mutant_L7F.pdb,-4.154098,-4.6
1BRK_A_mutant_A96I.pdb,-2.3145673,-3.33
1BTI_A_mutant_A22F.pdb,-0.99171895,-1.2
1BSB_A_mutant_V76I.pdb,-0.77464306,-0.8
1FAN_A_mutant_A45F.pdb,-4.301774,-6.9
1BSE_A_mutant_V89L.pdb,-0.19409919,-0.3
1GAY_A_mutant_G2V.pdb,-2.1574323,-2.3
1GAZ_A_mutant_I2V.pdb,1.1965247,1.1
1GB2_A_mutant_M2V.pdb,-0.27977443,-0.31
1GB3_A_mutant_F2V.pdb,-0.80506474,-0.86
1GF9_A_mutant_Y2V.pdb,-0.39265087,-0.36
1GFA_A_mutant_D2V.pdb,-1.4669274,-1.44
1GFE_A_mutant_N2V.pdb,-1.385016,-1.34
1GFG_A_mutant_R2V.pdb,-0.35087794,-0.38
1GFH_A_mutant_Y74V.pdb,-0.6826925,-0.24
1GFK_A_mutant_N74V.pdb,-1.0294387,-0.33
1GFJ_A_mutant_D74V.pdb,-0.8763759,-0.43
1GF8_A_mutant_S2V.pdb,-1.4756451,-1.41
1GFT_A_mutant_Y110V.pdb,-0.28673297,-0.14
1BSC_A_mutant_V88I.pdb,-1.4477421,-1.47
1KVA_A_mutant_A134D.pdb,1.3667586,1.51
1L08_A_mutant_G157T.pdb,-0.95573866,-1.1
1L16_A_mutant_D156G.pdb,-1.9631966,-1.4
1L33_A_mutant_A131V.pdb,0.19393724,0.27
1L52_A_mutant_S152T.pdb,-1.8488344,-2.6
1LZ1_A_mutant_I56A.pdb,3.8140879,3.71
1LAW_A_mutant_I74V.pdb,0.6372134,0.7
1LZ1_A_mutant_V125A.pdb,1.2188139,1.6
1LZ1_A_mutant_V93A.pdb,0.70206094,1.0
1LZ1_A_mutant_C77A.pdb,4.926175,4.6
1LZ1_A_mutant_D91P.pdb,0.22521767,0.4
1LZ1_A_mutant_I106A.pdb,0.93627065,0.93
1LZ1_A_mutant_I106V.pdb,0.5835235,0.98
1LZ1_A_mutant_I23A.pdb,2.2375777,2.54
1LZ1_A_mutant_I23V.pdb,0.3830252,0.41
1LZ1_A_mutant_I56T.pdb,4.0724134,3.64
1LZ1_A_mutant_I56V.pdb,1.0468487,1.2
1LZ1_A_mutant_I59A.pdb,1.8541499,1.72
1LZ1_A_mutant_I59G.pdb,3.6801996,3.83
1LZ1_A_mutant_I59V.pdb,0.7400927,1.1
1LZ1_A_mutant_I89A.pdb,2.938764,2.7
1LZ1_A_mutant_I89V.pdb,0.5187092,0.48
1LZ1_A_mutant_P71G.pdb,2.2355866,1.6
1LZ1_A_mutant_V100A.pdb,0.39195824,0.57
1LZ1_A_mutant_V110A.pdb,-0.46960744,-0.53
1LZ1_A_mutant_V110D.pdb,-0.100299485,-0.17
1LZ1_A_mutant_V110P.pdb,-0.79409003,-0.5
1LZ1_A_mutant_V110R.pdb,-0.9160791,-0.89
1LZ1_A_mutant_V110Y.pdb,0.045173652,0.14
1LZ1_A_mutant_V121A.pdb,0.82737577,1.75
1LZ1_A_mutant_V130A.pdb,0.96064967,1.12
1LZ1_A_mutant_V2A.pdb,1.3602072,1.51
1LZ1_A_mutant_V2D.pdb,1.3103924,1.44
1LZ1_A_mutant_V2F.pdb,0.78228104,0.86
1LZ1_A_mutant_V2G.pdb,2.1844392,2.3
1LZ1_A_mutant_V2I.pdb,-1.1556001,-1.1
1LZ1_A_mutant_V2M.pdb,0.28582644,0.31
1LZ1_A_mutant_V2N.pdb,1.3767794,1.34
1LZ1_A_mutant_V2R.pdb,0.36526576,0.38
1LZ1_A_mutant_V2S.pdb,1.4002961,1.41
1LZ1_A_mutant_V2Y.pdb,0.33702165,0.36
1LZ1_A_mutant_V74A.pdb,0.28176546,0.43
1LZ1_A_mutant_V74D.pdb,0.4896451,0.43
1LZ1_A_mutant_V74N.pdb,0.35865694,0.33
1LZ1_A_mutant_V74Y.pdb,0.28269506,0.24
1LZ1_A_mutant_V99A.pdb,0.94025797,0.89
1LZ1_A_mutant_Y124F.pdb,0.40743753,0.36
1LZ1_A_mutant_Y20F.pdb,0.5928107,0.5
1LZ1_A_mutant_Y38F.pdb,0.1203259,0.19
1LZ1_A_mutant_Y54F.pdb,0.84918505,0.96
1LZ1_A_mutant_Y63F.pdb,0.14690232,0.24
1OUG_A_mutant_A2V.pdb,-1.3246224,-1.51
2LZM_A_mutant_D20N.pdb,0.4038172,-1.3
2LZM_A_mutant_M102K.pdb,1.6153405,6.9
2LZM_A_mutant_T157D.pdb,1.7591192,1.1
2LZM_A_mutant_A82P.pdb,-0.51938355,-0.45
2LZM_A_mutant_A98V.pdb,4.578281,4.9
2LZM_A_mutant_D20A.pdb,0.8943717,0.3
1VAR_A_mutant_T58I.pdb,-3.4940252,-2.7
2LZM_A_mutant_D20S.pdb,0.829455,-0.7
2LZM_A_mutant_E11H.pdb,-0.19664964,-0.1
2LZM_A_mutant_F67A.pdb,2.6773221,1.9
2LZM_A_mutant_G113A.pdb,-0.34023282,-0.3
2LZM_A_mutant_G156D.pdb,1.5993134,1.4
2LZM_A_mutant_G77A.pdb,0.03520661,0.4
2LZM_A_mutant_I3C.pdb,-0.053233936,0.4
2LZM_A_mutant_I3L.pdb,-0.43275076,-0.85
2LZM_A_mutant_I3V.pdb,0.3610721,0.4
2LZM_A_mutant_I3Y.pdb,2.2826154,2.3
2LZM_A_mutant_I50A.pdb,2.3295817,2.0
2LZM_A_mutant_K135E.pdb,0.66211146,0.2
2LZM_A_mutant_K16E.pdb,-1.145218,0.5
2LZM_A_mutant_K60P.pdb,-1.4392685,-0.1
2LZM_A_mutant_L84A.pdb,1.7339373,3.9
2LZM_A_mutant_M6I.pdb,2.9814444,1.38
2LZM_A_mutant_M6L.pdb,0.5019479,2.8
2LZM_A_mutant_N144D.pdb,-0.42729956,-0.4
2LZM_A_mutant_N144E.pdb,-0.5137037,-0.5
2LZM_A_mutant_N55G.pdb,0.4502848,0.5
2LZM_A_mutant_Q105A.pdb,0.6730038,0.6
2LZM_A_mutant_Q105E.pdb,0.06821688,1.1
2LZM_A_mutant_Q105G.pdb,1.9908453,1.5
2LZM_A_mutant_Q123E.pdb,-0.25833952,-0.3
2LZM_A_mutant_R154E.pdb,0.17600119,-0.2
2LZM_A_mutant_R96H.pdb,2.9763327,2.82
2LZM_A_mutant_S38D.pdb,0.01914522,-0.22
2LZM_A_mutant_T152S.pdb,1.8834727,2.6
2LZM_A_mutant_T157A.pdb,0.698672,0.9
2LZM_A_mutant_T157C.pdb,1.1967796,1.3
2LZM_A_mutant_T157E.pdb,0.6045462,1.3
2LZM_A_mutant_T157F.pdb,2.3702204,2.4
2LZM_A_mutant_T157G.pdb,0.9222358,1.1
2LZM_A_mutant_T157H.pdb,2.0428975,2.1
2LZM_A_mutant_T157I.pdb,1.6731745,2.1
2LZM_A_mutant_T157L.pdb,1.4899263,1.7
2LZM_A_mutant_T157N.pdb,0.75205564,1.0
2LZM_A_mutant_T157R.pdb,0.29616138,-0.3
2LZM_A_mutant_T157S.pdb,0.5496783,0.66
2LZM_A_mutant_T157V.pdb,1.4554876,1.6
2LZM_A_mutant_V131A.pdb,-0.22687723,-0.27
2LZM_A_mutant_V149A.pdb,1.763022,3.2
2LZM_A_mutant_V149C.pdb,1.6003394,2.2
2RN2_A_mutant_D134H.pdb,-1.7095915,-0.53
2RN2_A_mutant_D134A.pdb,-1.4188429,-1.51
2RN2_A_mutant_D70N.pdb,-0.7918377,0.3
2RN2_A_mutant_G77A.pdb,0.83518726,0.9
2RN2_A_mutant_H62P.pdb,-0.28077444,-1.1
2RN2_A_mutant_K95A.pdb,-0.3697275,-0.1
2RN2_A_mutant_K95G.pdb,-1.9996927,-1.9
2RN2_A_mutant_K95N.pdb,-0.891431,-0.9
2RN2_A_mutant_V74I.pdb,-0.6366437,-0.7
1GFU_A_mutant_D110V.pdb,-0.033467613,0.17
2RN2_A_mutant_V74L.pdb,-1.0337614,-0.9
1GOB_A_mutant_A77G.pdb,-1.0605239,-0.9
1HEM_A_mutant_T91S.pdb,0.39814726,0.99
1HEO_A_mutant_V55I.pdb,-1.2909824,-0.91
1HER_A_mutant_S40T.pdb,-0.22372693,-0.27
1HNL_A_mutant_A77C.pdb,-2.6153836,-4.6
1INU_A_mutant_R110V.pdb,0.3672049,0.89
1KVB_A_mutant_H134D.pdb,1.5887028,0.53
1L00_A_mutant_A105Q.pdb,-0.5995806,-0.6
1L02_A_mutant_A157T.pdb,-0.81024367,-0.9
1L03_A_mutant_C157T.pdb,-1.2996472,-1.3
1L04_A_mutant_D157T.pdb,-1.5080494,-1.1
1L06_A_mutant_E157T.pdb,-0.6804486,-1.3
1L07_A_mutant_F157T.pdb,-2.327243,-2.4
1L09_A_mutant_H157T.pdb,-2.147223,-2.1
1L10_A_mutant_I157T.pdb,-1.6568424,-2.1
1L11_A_mutant_L157T.pdb,-1.4824638,-1.7
1L12_A_mutant_N157T.pdb,-0.49161372,-1.0
1L13_A_mutant_R157T.pdb,-0.45628297,0.3
1L14_A_mutant_S157T.pdb,-0.5086686,-0.66
1L15_A_mutant_V157T.pdb,-1.5987537,-1.6
1L17_A_mutant_V3I.pdb,-0.3552648,-0.4
1L18_A_mutant_Y3I.pdb,-1.9219315,-2.3
1L19_A_mutant_D38S.pdb,-0.15856235,0.22
1L20_A_mutant_D144N.pdb,0.37129146,0.4
1L21_A_mutant_G55N.pdb,-0.3295051,-0.5
1L23_A_mutant_A77G.pdb,0.056211792,-0.4
1L24_A_mutant_P82A.pdb,0.5827604,0.45
1L34_A_mutant_H96R.pdb,-3.0080206,-2.82
1L38_A_mutant_E123Q.pdb,0.24752057,0.3
1L40_A_mutant_E144N.pdb,0.6208018,0.5
1L42_A_mutant_E16K.pdb,1.4041195,-0.5
1L45_A_mutant_E135K.pdb,-0.3622531,-0.2
1L47_A_mutant_E154R.pdb,-0.060427938,0.2
1L48_A_mutant_V98A.pdb,-4.391036,-4.9
1L53_A_mutant_C149V.pdb,-1.6404163,-2.2
1L54_A_mutant_K102M.pdb,-1.4622335,-6.9
1L56_A_mutant_P60K.pdb,1.6023469,0.1
1L60_A_mutant_A113G.pdb,0.4090226,0.3
1L98_A_mutant_E105Q.pdb,0.103402816,-1.1
1LHH_A_mutant_P110V.pdb,0.749095,0.5
1LAV_A_mutant_L74V.pdb,1.0919594,0.9
1L99_A_mutant_G105Q.pdb,-1.5526716,-1.5
1LHI_A_mutant_G71P.pdb,-2.0287654,-1.6
1OPD_A_mutant_D46S.pdb,1.4662479,1.4
1LHK_A_mutant_P91D.pdb,-0.05257687,-0.4
1LSN_A_mutant_A91S.pdb,0.19912347,-0.15
1POH_A_mutant_S46D.pdb,-1.3898414,-1.4
1OUA_A_mutant_T56I.pdb,-4.181063,-3.64
1OUC_A_mutant_A110V.pdb,0.32322082,0.53
1QT6_A_mutant_H11E.pdb,0.18645,0.1
1RBR_A_mutant_P62H.pdb,0.39073485,1.1
1RBT_A_mutant_G95K.pdb,1.8695539,1.9
1RBU_A_mutant_N95K.pdb,0.7667413,0.9
1VQB_A_mutant_I47L.pdb,0.29734427,0.6
1RBV_A_mutant_A95K.pdb,0.27429327,0.1
1RDC_A_mutant_N70D.pdb,0.610967,-0.3
1N0J_A_mutant_I58T.pdb,3.009972,2.7
1VQB_A_mutant_I47M.pdb,0.86151344,2.1
1VQB_A_mutant_I47V.pdb,1.5233581,2.5
1VQB_A_mutant_V35I.pdb,-0.15127397,0.6
1VQG_A_mutant_L47I.pdb,-0.34219417,-0.6
1VQH_A_mutant_M47I.pdb,-0.8452882,-2.1
1VQI_A_mutant_V47I.pdb,-1.4955789,-2.5
1VQJ_A_mutant_I35V.pdb,0.18108207,-0.6
1WQM_A_mutant_F124Y.pdb,-0.20072067,-0.36
1WQN_A_mutant_F20Y.pdb,-0.6202707,-0.5
1WQQ_A_mutant_F54Y.pdb,-0.8825763,-0.96
1WQO_A_mutant_F38Y.pdb,-0.12682629,-0.19
1WQR_A_mutant_F63Y.pdb,-0.25635242,-0.24
1YAO_A_mutant_V56I.pdb,-1.265663,-1.2
1YAP_A_mutant_V59I.pdb,-0.7552288,-1.1
1YAQ_A_mutant_V89I.pdb,-0.46795586,-0.48
230L_A_mutant_L6M.pdb,-0.16673753,-2.8
237L_A_mutant_A149V.pdb,-1.1458331,-3.2
246L_A_mutant_A67F.pdb,-2.547342,-1.9
242L_A_mutant_A50I.pdb,-2.6627238,-2.0
247L_A_mutant_A84L.pdb,-1.0251179,-3.9
253L_A_mutant_A20D.pdb,-0.72565943,-0.3
254L_A_mutant_S20D.pdb,-0.7361386,0.7
255L_A_mutant_N20D.pdb,-0.3121278,1.3
2BQB_A_mutant_V106I.pdb,-0.68056303,-0.98
2BQC_A_mutant_V23I.pdb,-0.50623745,-0.41
2BQG_A_mutant_A100V.pdb,-0.44252124,-0.57
2BQI_A_mutant_A121V.pdb,-1.520169,-1.75
2BQK_A_mutant_A130V.pdb,-1.1470143,-1.12
2BQJ_A_mutant_A125V.pdb,-1.1923642,-1.6
2BQM_A_mutant_A74V.pdb,-0.47440222,-0.43
2BQN_A_mutant_A93V.pdb,-0.7762185,-1.0
2BQO_A_mutant_A99V.pdb,-1.0573561,-0.89
2HEB_A_mutant_A23I.pdb,-2.3933492,-2.54
2HEA_A_mutant_A106I.pdb,-1.2113603,-0.93
2HEC_A_mutant_A56I.pdb,-3.9494088,-3.71
4LYZ_A_mutant_I55V.pdb,1.0320618,0.91
2HED_A_mutant_A59I.pdb,-2.0332613,-1.72
2HEF_A_mutant_A89I.pdb,-2.7160265,-2.7
2HEE_A_mutant_G59I.pdb,-3.6988387,-3.83
8PTI_A_mutant_G35Y.pdb,-4.5584517,-5.0
4LYZ_A_mutant_S91A.pdb,-0.11755958,0.15
4LYZ_A_mutant_T40S.pdb,0.34432366,0.27
4LYZ_A_mutant_S91T.pdb,-0.5566584,-0.99
